Date,Facebook,Pinterest,Twitter,YouTube,Instagram,reddit
2019.1.1,65.88,16.36,9.1,3.97,1.69,1.42
2019.2.1,68.95,15.15,7.41,3.76,1.56,1.71
2019.3.1,67.46,16.96,7.26,3.92,2.21,0.83
2019.4.1,68.36,16.26,6.72,4.59,2.21,0.62
2019.5.1,70.42,13.01,6.25,4.33,1.81,3.08
2019.6.1,73.91,13.16,6.18,3.81,1.43,0.23
2019.7.1,72.16,14.46,6.06,3.86,1.75,0.25
2019.8.1,71.75,15.5,6.07,3.65,1.58,0.3
2019.9.1,72.94,13.18,6.56,3.67,2.42,0.23
2019.10.1,67.73,11.08,10.57,3.71,5.74,0.27
2019.11.1,66.01,11.63,11.49,3.28,6.5,0.25
2019.12.1,64.22,10.97,12.96,3.79,7.05,0.27
2020.1.1,61.3,11.45,14.51,3.33,8.4,0.29
2020.2.1,62.11,10.7,14.44,2.91,8.9,0.27
2020.3.1,64.99,8.31,14.29,3.1,8.54,0.23
2020.4.1,60.15,10.46,15.48,4.2,8.73,0.35
2020.5.1,72.02,13.49,6.2,5.58,1.48,0.39
2020.6.1,74,12.11,6.5,4.99,1.2,0.37
2020.7.1,74.17,11.68,6.78,4.86,1.35,0.37
2020.8.1,75.15,11.51,6.41,3.62,1.42,0.31
2020.9.1,74.59,11.58,6.88,3.99,1.58,0.34
2020.10.1,71.85,12.31,8.65,4.47,1.53,0.36
2020.11.1,68.72,12.11,11.68,4.22,2.01,0.38
2020.12.1,68.39,13.61,10.25,4.27,2.25,0.44
2021.1.1,69.8,11.88,9.54,4.9,2.56,0.53
2021.2.1,71.92,9.94,8.65,5.06,2.93,0.57
2021.3.1,72.03,9.63,8.81,5.28,2.94,0.5
2021.4.1,69.94,8.92,9.58,5.97,3.71,0.74
2021.5.1,71.51,8.11,8.49,6.18,3.98,0.59
2021.6.1,71.53,7.31,10.01,5.01,4.28,0.51
2021.7.1,74.81,6.33,8.84,4.25,3.72,0.58
2021.8.1,73.27,7.22,8.91,4.72,3.41,0.58
2021.9.1,72.19,8.15,8.7,4.69,3.99,0.66
2021.10.1,72.22,8.37,8.77,4.2,4.3,0.82
2021.11.1,74.13,7.65,7.73,3.88,4.5,1.06
2021.12.1,76.47,6.47,7.45,3.87,4.06,0.71
2022.1.1,76.95,5.76,7.1,3.89,4.59,0.72
2022.2.1,73.12,6.16,7.44,6.35,5.28,0.79
2022.3.1,73.44,6.06,7.22,5.53,6.19,0.73
2022.4.1,75.1,5.97,7.13,4.7,5.69,0.63
2022.5.1,75.49,5.9,7.52,4.41,5.31,0.77
2022.6.1,75.27,5.38,7.5,4.37,6.11,0.77
2022.7.1,75.86,4.75,7.89,3.65,6.53,0.74
2022.8.1,74.65,5.06,8.22,3.59,7.01,0.82
2022.9.1,71.64,6.52,9.02,3.83,7.51,0.8
2022.10.1,68.87,7.33,10.37,3.92,8.18,0.58
2022.11.1,67.13,7.44,10.38,3.38,9.65,1.02
2022.12.1,67.67,6.59,10.35,3.32,10.57,0.77
2023.1.1,66.9,6.05,12.36,3.61,9.62,0.52
2023.2.1,69.33,5.76,10.46,3.57,9.74,0.42
2023.3.1,67.41,6.09,10.35,3.89,11.04,0.45
2023.4.1,66.31,5.54,11.49,3.49,11.94,0.46
2023.5.1,65.7,5.24,11.44,3.74,12.63,0.45
2023.6.1,63.94,4.78,12.1,3.98,13.93,0.46
2023.7.1,65.78,5.96,8.85,3.78,14.32,0.58
2023.8.1,66.91,6.35,8.38,3.96,13.05,0.62
2023.9.1,65.24,7.28,8.75,4,13.31,0.52
2023.10.1,65.15,8.47,8.75,4.43,12.05,0.37
2023.11.1,63.56,10.02,8.49,5.02,11.38,0.64
2023.12.1,64.79,9.97,7.75,5.88,10.03,0.7
2024.1.1,66.22,8.18,7.28,6.88,9.71,0.76
2024.2.1,64.44,9.64,6.69,7.54,9.95,0.86
2024.3.1,62.15,7.67,7.51,8.63,11.74,1.13
2024.4.1,60.85,7.7,8.3,8.79,11.41,1.6
총이용자수,4446.92,594.64,573.27,286.02,396.19,41.09
,,,,,,
특성,활성 사용자 수(백만),,,,,
Facebook,"3,065",,,,,
YouTube,"2,504",,,,,
Instagram,"2,000",,,,,
WhatsApp,"2,000",,,,,
TikTok,"1,582",,,,,
WeChat,"1,343",,,,,
Facebook Messenger,"1,010",,,,,
Telegram,900,,,,,
Snapchat,800,,,,,
 X,611,,,,,
other,2053,,,,,
